epoch,step,valid_loss_epoch,valid_loss_step
0,4,,4.192482948303223
0,9,,4.035799503326416
0,14,,3.8306376934051514
0,19,,4.109440803527832
0,24,,4.093662738800049
0,29,,4.032102584838867
0,34,,3.826789140701294
0,39,,4.00946569442749
0,44,,3.9748153686523438
0,49,,3.9078445434570312
0,54,,3.5924339294433594
0,59,,3.3686561584472656
0,64,,3.6353836059570312
0,69,,3.6313071250915527
0,74,,3.7760212421417236
0,79,,3.7747254371643066
0,84,,3.6300482749938965
0,89,,3.64020037651062
0,94,,3.3976387977600098
0,99,,3.535088300704956
0,104,,3.2168033123016357
0,109,,3.0977420806884766
0,114,,3.1543517112731934
0,119,,3.2250564098358154
0,124,,2.7135961055755615
0,129,,2.9509358406066895
0,134,,2.7095229625701904
0,139,,2.4915108680725098
0,144,,2.6723036766052246
0,149,,2.827176570892334
0,154,,2.343846082687378
0,159,,2.2166523933410645
0,164,,2.8244919776916504
0,169,,2.3605432510375977
0,174,,2.4662632942199707
0,179,,2.236769199371338
0,184,,2.3681480884552
0,189,,1.7215566635131836
0,194,,2.2359063625335693
0,199,,2.0738914012908936
0,204,,1.4440313577651978
0,209,,1.388933777809143
0,214,,1.492699384689331
0,219,,1.071108102798462
0,224,,1.5826364755630493
0,229,,1.5198595523834229
0,234,,1.0180389881134033
0,239,,0.6378069519996643
0,244,,1.1271140575408936
0,249,,1.1510651111602783
0,254,,0.9980599284172058
0,259,,0.7478020191192627
0,264,,1.0026447772979736
0,269,,1.1113168001174927
0,274,,0.47238150238990784
0,279,,1.0799404382705688
0,284,,0.6209962964057922
0,289,,0.9989703893661499
0,294,,1.2396581172943115
0,299,,0.598381519317627
0,304,,0.6590038537979126
0,309,,0.5467028617858887
0,314,,0.3382323384284973
0,319,,1.02186119556427
0,324,,0.4712396562099457
0,329,,0.6052291989326477
0,334,,0.7014607191085815
0,339,,0.9699257016181946
0,344,,0.6108508110046387
0,349,,0.312796950340271
0,354,,-0.017743002623319626
0,359,,0.1303693950176239
0,364,,0.18564826250076294
0,369,,-0.09089086204767227
0,374,,-0.18480327725410461
0,379,,-0.4479488432407379
0,384,,0.01369047723710537
0,389,,-0.4064152240753174
0,394,,-0.1351465880870819
0,399,,0.41981762647628784
0,399,1.9191685914993286,
1,404,,0.27470606565475464
1,409,,0.08723511546850204
1,414,,0.14250807464122772
1,419,,0.028748968616127968
1,424,,0.0664646252989769
1,429,,0.10743553936481476
1,434,,-0.3855507969856262
1,439,,-0.5369138717651367
1,444,,-0.6741217374801636
1,449,,-0.08779331296682358
1,454,,0.13639919459819794
1,459,,-0.47594547271728516
1,464,,-0.5334406495094299
1,469,,-0.4705352187156677
1,474,,-0.09393982589244843
1,479,,-0.5887300968170166
1,484,,-0.8867295980453491
1,489,,-0.7466047406196594
1,494,,-0.7081901431083679
1,499,,0.49548277258872986
1,504,,-0.8305391073226929
1,509,,0.30270320177078247
1,514,,-0.6144068241119385
1,519,,-0.7125806212425232
1,524,,-0.5091224908828735
1,529,,-0.5526725649833679
1,534,,2.079864263534546
1,539,,0.9059823155403137
1,544,,0.41411781311035156
1,549,,0.5121036767959595
1,554,,0.24074015021324158
1,559,,0.4839070737361908
1,564,,0.2216866910457611
1,569,,0.36152830719947815
1,574,,1.2422914505004883
1,579,,0.5900973081588745
1,584,,0.3829670548439026
1,589,,0.21438109874725342
1,594,,-0.004710292909294367
1,599,,-0.002501714276149869
1,604,,0.18742099404335022
1,609,,-0.4717492461204529
1,614,,-0.28812873363494873
1,619,,-0.23318824172019958
1,624,,0.7474411129951477
1,629,,0.3488711714744568
1,634,,0.4099721312522888
1,639,,-0.23918016254901886
1,644,,0.11293480545282364
1,649,,-0.14397026598453522
1,654,,-0.3657342791557312
1,659,,-0.2810480296611786
1,664,,2.9671289920806885
1,669,,2.7577056884765625
1,674,,2.1364853382110596
1,679,,1.9778497219085693
1,684,,1.8798463344573975
1,689,,1.5650813579559326
1,694,,1.5312598943710327
1,699,,1.394662857055664
1,704,,1.2626533508300781
1,709,,0.548119843006134
1,714,,1.0731947422027588
1,719,,1.4896020889282227
1,724,,0.9493821263313293
1,729,,1.0465892553329468
1,734,,0.9875800013542175
1,739,,0.6266951560974121
1,744,,0.465951532125473
1,749,,0.287681519985199
1,754,,0.031664032489061356
1,759,,0.5847329497337341
1,764,,1.0381288528442383
1,769,,0.8869055509567261
1,774,,0.46413224935531616
1,779,,0.24327795207500458
1,784,,0.7417870163917542
1,789,,0.008862840943038464
1,794,,0.05012314394116402
1,799,,-0.024541128426790237
1,799,0.486469030380249,
2,804,,-0.023288553580641747
2,809,,-0.011661415919661522
2,814,,0.0190717875957489
2,819,,-0.02787456288933754
2,824,,-0.3747119903564453
2,829,,-0.569710373878479
2,834,,-0.3997853398323059
2,839,,0.10890819877386093
2,844,,0.18323186039924622
2,849,,-0.32387658953666687
2,854,,0.1364801675081253
2,859,,-0.08808046579360962
2,864,,-0.6074169874191284
2,869,,-0.7157570123672485
2,874,,0.7881191372871399
2,879,,-0.5124890804290771
2,884,,-0.553424596786499
2,889,,-0.6860395669937134
2,894,,-0.8850711584091187
2,899,,-0.7413851022720337
2,904,,-0.9464892148971558
2,909,,-0.3657687306404114
2,914,,-0.5952900052070618
2,919,,-0.5992864370346069
2,924,,-0.8967357873916626
2,929,,-0.7649282217025757
2,934,,-1.0611627101898193
2,939,,-1.182693362236023
2,944,,-1.112032175064087
2,949,,-1.4231154918670654
2,954,,-1.3870227336883545
2,959,,-0.45465415716171265
2,964,,-0.6471805572509766
2,969,,-0.7786827087402344
2,974,,-0.6458204388618469
2,979,,-1.331724762916565
2,984,,-1.666086196899414
2,989,,-1.6825748682022095
2,994,,-1.064690113067627
2,999,,-0.6300402283668518
2,1004,,-0.7816330194473267
2,1009,,-0.8701208233833313
2,1014,,-0.18693892657756805
2,1019,,-0.9513331651687622
2,1024,,-1.5614912509918213
2,1029,,-0.9823558926582336
2,1034,,-1.104623794555664
2,1039,,-1.2827255725860596
2,1044,,-1.3358519077301025
2,1049,,-1.7509715557098389
2,1054,,-0.7937585115432739
2,1059,,-1.5144652128219604
2,1064,,-1.4048069715499878
2,1069,,-1.607256531715393
2,1074,,-1.4946129322052002
2,1079,,-0.7922706007957458
2,1084,,-1.7725874185562134
2,1089,,-0.23843979835510254
2,1094,,-0.9359389543533325
2,1099,,-1.2836655378341675
2,1104,,-1.3070769309997559
2,1109,,-1.3022164106369019
2,1114,,-1.3230046033859253
2,1119,,-1.8701999187469482
2,1124,,-1.4819685220718384
2,1129,,-0.5630607604980469
2,1134,,0.9959480166435242
2,1139,,0.029516030102968216
2,1144,,-0.26699259877204895
2,1149,,-0.6255320906639099
2,1154,,-1.0555572509765625
2,1159,,-1.186275839805603
2,1164,,-1.4624680280685425
2,1169,,-1.4159330129623413
2,1174,,-1.4203941822052002
2,1179,,-1.602267861366272
2,1184,,-0.8466359376907349
2,1189,,-1.2294737100601196
2,1194,,-1.4319454431533813
2,1199,,-1.2129695415496826
2,1199,-0.7757607102394104,
3,1204,,-1.65598464012146
3,1209,,-1.5479576587677002
3,1214,,-1.3587969541549683
3,1219,,-1.7196877002716064
3,1224,,-1.9333651065826416
3,1229,,-1.7365334033966064
3,1234,,-1.8640339374542236
3,1239,,-0.642027735710144
3,1244,,-1.7392950057983398
3,1249,,-1.2781908512115479
3,1254,,-1.5236250162124634
3,1259,,-1.733703851699829
3,1264,,-1.982114553451538
3,1269,,-1.7166897058486938
3,1274,,-1.677572250366211
3,1279,,-0.8242563009262085
3,1284,,-1.6075713634490967
3,1289,,-1.6597903966903687
3,1294,,-1.4262666702270508
3,1299,,-1.914473295211792
3,1304,,-0.7932947278022766
3,1309,,-1.6082563400268555
3,1314,,-2.107884168624878
3,1319,,-1.5917423963546753
3,1324,,-1.5449234247207642
3,1329,,-1.7447569370269775
3,1334,,-1.8768491744995117
3,1339,,-1.9204494953155518
3,1344,,-2.0178866386413574
3,1349,,-2.28452730178833
3,1354,,-2.006643533706665
3,1359,,-1.4127142429351807
3,1364,,-2.000101089477539
3,1369,,-1.7364599704742432
3,1374,,-1.9345829486846924
3,1379,,-1.9301908016204834
3,1384,,-2.017677068710327
3,1389,,-2.193718433380127
3,1394,,-1.4976119995117188
3,1399,,-0.25823742151260376
3,1404,,-0.5862523317337036
3,1409,,-1.0404531955718994
3,1414,,-1.0345094203948975
3,1419,,-1.384067416191101
3,1424,,-1.4747687578201294
3,1429,,-1.580553412437439
3,1434,,-1.891676902770996
3,1439,,2.397580146789551
3,1444,,0.02689790166914463
3,1449,,-1.0640859603881836
3,1454,,-1.2216135263442993
3,1459,,-1.5977270603179932
3,1464,,-0.8730040788650513
3,1469,,-0.5697857737541199
3,1474,,-1.2636682987213135
3,1479,,-1.3321521282196045
3,1484,,-1.6883289813995361
3,1489,,-1.793015480041504
3,1494,,-1.8513939380645752
3,1499,,-1.9842145442962646
3,1504,,-2.1087753772735596
3,1509,,-1.8803879022598267
3,1514,,-2.1731159687042236
3,1519,,-2.1187081336975098
3,1524,,-0.8756621479988098
3,1529,,-1.1033433675765991
3,1534,,-1.9105936288833618
3,1539,,-1.7804111242294312
3,1544,,-2.160205125808716
3,1549,,-2.050441265106201
3,1554,,-1.6648393869400024
3,1559,,-2.0217084884643555
3,1564,,-1.8325386047363281
3,1569,,-2.071758508682251
3,1574,,-2.0469233989715576
3,1579,,-2.1035377979278564
3,1584,,-2.4688920974731445
3,1589,,-0.3577209413051605
3,1594,,-2.2628064155578613
3,1599,,-2.3091399669647217
3,1599,-1.585484504699707,
4,1604,,-2.202110767364502
4,1609,,-1.944870948791504
4,1614,,-1.7702966928482056
4,1619,,-2.5340170860290527
4,1624,,-2.247382640838623
4,1629,,-2.3298373222351074
4,1634,,-2.096071481704712
4,1639,,-2.0186338424682617
4,1644,,-2.4474587440490723
4,1649,,-2.267552614212036
4,1654,,-2.335357666015625
4,1659,,-2.4483320713043213
4,1664,,-2.5858261585235596
4,1669,,-2.769709348678589
4,1674,,-1.593053936958313
4,1679,,-2.020263671875
4,1684,,-2.0247607231140137
4,1689,,-1.4854812622070312
4,1694,,-2.457526206970215
4,1699,,-2.2409253120422363
4,1704,,-2.503260850906372
4,1709,,-2.145200252532959
4,1714,,-1.5075479745864868
4,1719,,-2.438385486602783
4,1724,,-2.4363577365875244
4,1729,,-2.242187023162842
4,1734,,-2.4599995613098145
4,1739,,-2.5727035999298096
4,1744,,-2.3549647331237793
4,1749,,-1.6152961254119873
4,1754,,-1.6726844310760498
4,1759,,-2.079085111618042
4,1764,,-2.3954710960388184
4,1769,,-2.521437168121338
4,1774,,-2.387179374694824
4,1779,,-0.8709408044815063
4,1784,,-1.6709144115447998
4,1789,,-2.2160227298736572
4,1794,,-2.2272515296936035
4,1799,,-1.8527576923370361
4,1804,,-2.278653144836426
4,1809,,-2.499680995941162
4,1814,,-2.353394031524658
4,1819,,-2.3761959075927734
4,1824,,-2.7417476177215576
4,1829,,-2.7215843200683594
4,1834,,-2.4236512184143066
4,1839,,-2.4792895317077637
4,1844,,-2.7429163455963135
4,1849,,-1.7664445638656616
4,1854,,-0.8404300808906555
4,1859,,-2.127011775970459
4,1864,,-2.4390933513641357
4,1869,,-2.6264326572418213
4,1874,,-2.2855794429779053
4,1879,,-2.3767266273498535
4,1884,,-2.394805431365967
4,1889,,-2.684739589691162
4,1894,,-2.4080700874328613
4,1899,,-2.789885997772217
4,1904,,-2.6258835792541504
4,1909,,-2.190432548522949
4,1914,,-2.6504499912261963
4,1919,,-2.36454701423645
4,1924,,-2.1848769187927246
4,1929,,-1.7655200958251953
4,1934,,-1.845069169998169
4,1939,,-2.503316640853882
4,1944,,-2.5848276615142822
4,1949,,-2.442464590072632
4,1954,,-0.9896136522293091
4,1959,,-1.9205009937286377
4,1964,,-2.222325325012207
4,1969,,-2.6059062480926514
4,1974,,-1.9069740772247314
4,1979,,-2.247410297393799
4,1984,,-2.353971481323242
4,1989,,-2.5714099407196045
4,1994,,-2.831108331680298
4,1999,,-2.6559624671936035
4,1999,-2.251734972000122,
5,2004,,-2.859351396560669
5,2009,,-2.663426637649536
5,2014,,-2.5216872692108154
5,2019,,-2.2888503074645996
5,2024,,-0.7218331694602966
5,2029,,-2.2019360065460205
5,2034,,-2.4045426845550537
5,2039,,-2.4345908164978027
5,2044,,-2.6645140647888184
5,2049,,-2.4379611015319824
5,2054,,-2.4479146003723145
5,2059,,-2.385021209716797
5,2064,,-2.041100025177002
5,2069,,-2.550675868988037
5,2074,,-2.1222732067108154
5,2079,,-0.9664915800094604
5,2084,,-1.8338950872421265
5,2089,,-2.0039217472076416
5,2094,,-2.185452461242676
5,2099,,-2.3667244911193848
5,2104,,-2.3813884258270264
5,2109,,-2.443542003631592
5,2114,,-2.3188157081604004
5,2119,,-2.2822155952453613
5,2124,,-2.4465291500091553
5,2129,,-2.587867259979248
5,2134,,-2.592939615249634
5,2139,,-2.7078256607055664
5,2144,,-2.3963217735290527
5,2149,,-2.1789917945861816
5,2154,,-2.5622317790985107
5,2159,,-2.7502198219299316
5,2164,,-2.2373900413513184
5,2169,,-2.8963212966918945
5,2174,,-2.4586544036865234
5,2179,,-2.44858455657959
5,2184,,-2.7410008907318115
5,2189,,-2.7940292358398438
5,2194,,-3.215599775314331
5,2199,,-2.8929994106292725
5,2204,,-2.800920248031616
5,2209,,-2.6909899711608887
5,2214,,-2.720959424972534
5,2219,,-2.7751784324645996
5,2224,,-2.83738374710083
5,2229,,-2.835000991821289
5,2234,,-2.2665247917175293
5,2239,,-2.8614933490753174
5,2244,,-2.8575334548950195
5,2249,,-2.7822353839874268
5,2254,,-2.613569974899292
5,2259,,-2.6714181900024414
5,2264,,-2.4643173217773438
5,2269,,-2.658722400665283
5,2274,,-2.769639015197754
5,2279,,-2.864349842071533
5,2284,,-2.9842357635498047
5,2289,,-2.7971739768981934
5,2294,,-3.1000449657440186
5,2299,,-2.7465691566467285
5,2304,,-3.04097056388855
5,2309,,-2.9420461654663086
5,2314,,-1.8845449686050415
5,2319,,-2.2607741355895996
5,2324,,-1.787102460861206
5,2329,,-1.4495773315429688
5,2334,,-2.6320242881774902
5,2339,,-2.4472804069519043
5,2344,,-2.88143253326416
5,2349,,-2.9755489826202393
5,2354,,-2.439373016357422
5,2359,,-2.392197847366333
5,2364,,-2.7134945392608643
5,2369,,-2.5599260330200195
5,2374,,-2.631882667541504
5,2379,,-2.818108320236206
5,2384,,-2.8333053588867188
5,2389,,-2.7536115646362305
5,2394,,-2.8840858936309814
5,2399,,-2.98589825630188
5,2399,-2.5105040073394775,
6,2404,,-2.9551072120666504
6,2409,,-2.6507580280303955
6,2414,,-2.832862138748169
6,2419,,-3.101646900177002
6,2424,,-2.579765796661377
6,2429,,-3.03641939163208
6,2434,,-3.133253574371338
6,2439,,-3.1381030082702637
6,2444,,-2.8428187370300293
6,2449,,-2.8330373764038086
6,2454,,-3.1813066005706787
6,2459,,-2.701855421066284
6,2464,,-2.9100804328918457
6,2469,,-2.9675276279449463
6,2474,,-3.0293731689453125
6,2479,,-2.77933931350708
6,2484,,-2.8295137882232666
6,2489,,-3.1917786598205566
6,2494,,-2.8833930492401123
6,2499,,-2.9998085498809814
6,2504,,-2.901493549346924
6,2509,,-2.8755526542663574
6,2514,,-3.0416722297668457
6,2519,,-2.8641467094421387
6,2524,,-3.3469295501708984
6,2529,,-2.5988147258758545
6,2534,,-2.9319496154785156
6,2539,,-3.1883513927459717
6,2544,,-3.228588819503784
6,2549,,-2.7750840187072754
6,2554,,-2.1109304428100586
6,2559,,-2.5541024208068848
6,2564,,-2.809852123260498
6,2569,,-2.923635482788086
6,2574,,-3.0217642784118652
6,2579,,-2.7211480140686035
6,2584,,-2.7706828117370605
6,2589,,-3.0895676612854004
6,2594,,-1.7929699420928955
6,2599,,-1.0059398412704468
6,2604,,-1.8350355625152588
6,2609,,-1.4831546545028687
6,2614,,-1.9975364208221436
6,2619,,-2.4817543029785156
6,2624,,-2.1930298805236816
6,2629,,-2.340224266052246
6,2634,,-1.9014265537261963
6,2639,,-2.298408031463623
6,2644,,-2.639993906021118
6,2649,,-3.0382673740386963
6,2654,,3.4332327842712402
6,2659,,0.19190101325511932
6,2664,,-0.18833038210868835
6,2669,,-0.04958944395184517
6,2674,,-0.9879659414291382
6,2679,,-1.0800106525421143
6,2684,,-1.1876074075698853
6,2689,,-1.517765760421753
6,2694,,-1.3374042510986328
6,2699,,-1.6014235019683838
6,2704,,-1.6580708026885986
6,2709,,-1.7087150812149048
6,2714,,-2.1427462100982666
6,2719,,-1.800004243850708
6,2724,,-2.2335095405578613
6,2729,,-2.5032601356506348
6,2734,,-2.3286616802215576
6,2739,,-2.7354092597961426
6,2744,,-2.421050548553467
6,2749,,-2.777503728866577
6,2754,,-2.8724589347839355
6,2759,,-2.872225761413574
6,2764,,-2.951580762863159
6,2769,,-3.1675944328308105
6,2774,,-2.8411715030670166
6,2779,,-2.6544651985168457
6,2784,,-1.3007957935333252
6,2789,,-2.7007880210876465
6,2794,,-2.670210361480713
6,2799,,-2.8875575065612793
6,2799,-2.379599094390869,
7,2804,,-3.062690258026123
7,2809,,-3.1501004695892334
7,2814,,-2.791980266571045
7,2819,,-3.253521680831909
7,2824,,-2.997319459915161
7,2829,,-2.9922351837158203
7,2834,,-2.879260778427124
7,2839,,-3.1048593521118164
7,2844,,-3.2053234577178955
7,2849,,-3.218008041381836
7,2854,,-2.953057289123535
7,2859,,-3.3116440773010254
7,2864,,-3.241267442703247
7,2869,,-2.885413646697998
7,2874,,-3.349846601486206
7,2879,,-3.2222900390625
7,2884,,-2.7878098487854004
7,2889,,-3.031775951385498
7,2894,,-2.7432093620300293
7,2899,,-2.8615851402282715
7,2904,,-2.9927353858947754
7,2909,,-2.358017683029175
7,2914,,-2.5847702026367188
7,2919,,-2.779053211212158
7,2924,,-2.8103015422821045
7,2929,,-3.0053458213806152
7,2934,,-3.346810817718506
7,2939,,-2.9557762145996094
7,2944,,-2.5736773014068604
7,2949,,-2.3992867469787598
7,2954,,-2.5128321647644043
7,2959,,-2.4686379432678223
7,2964,,-2.5176689624786377
7,2969,,-2.756640672683716
7,2974,,-2.697873592376709
7,2979,,-2.9002926349639893
7,2984,,-3.0848872661590576
7,2989,,-3.223400115966797
7,2994,,-3.139751672744751
7,2999,,-2.7620484828948975
7,3004,,-2.1516714096069336
7,3009,,-2.446135997772217
7,3014,,-3.112448215484619
7,3019,,-3.2603282928466797
7,3024,,-3.1897406578063965
7,3029,,-2.9804649353027344
7,3034,,-3.2378299236297607
7,3039,,-3.3424835205078125
7,3044,,-3.219698667526245
7,3049,,-3.219628095626831
7,3054,,-2.996880292892456
7,3059,,-2.9542994499206543
7,3064,,-3.1483778953552246
7,3069,,-3.1263015270233154
7,3074,,-3.2515244483947754
7,3079,,-2.706508159637451
7,3084,,-3.1328511238098145
7,3089,,-3.123795986175537
7,3094,,-3.1359879970550537
7,3099,,-2.64054274559021
7,3104,,-3.0737690925598145
7,3109,,-3.348850965499878
7,3114,,-2.94331693649292
7,3119,,-3.2974536418914795
7,3124,,-3.1604549884796143
7,3129,,-3.0053305625915527
7,3134,,-3.0459537506103516
7,3139,,-3.232306718826294
7,3144,,-3.0653278827667236
7,3149,,-3.3841590881347656
7,3154,,-2.9889121055603027
7,3159,,-3.495304584503174
7,3164,,-3.0063858032226562
7,3169,,-3.193859100341797
7,3174,,-3.3464622497558594
7,3179,,-3.0744247436523438
7,3184,,-3.2480320930480957
7,3189,,-2.78910493850708
7,3194,,-2.6361634731292725
7,3199,,-3.001210927963257
7,3199,-2.944913625717163,
8,3204,,-3.1614696979522705
8,3209,,-3.1901373863220215
8,3214,,-2.9692163467407227
8,3219,,-2.918506383895874
8,3224,,-2.735675811767578
8,3229,,-3.138044834136963
8,3234,,-3.3017730712890625
8,3239,,-3.179201364517212
8,3244,,-3.073456287384033
8,3249,,-3.06724214553833
8,3254,,-3.3927066326141357
8,3259,,-2.916884183883667
8,3264,,-3.451021671295166
8,3269,,-3.2561683654785156
8,3274,,-3.2322335243225098
8,3279,,-3.333754777908325
8,3284,,-3.2961623668670654
8,3289,,-3.3164641857147217
8,3294,,-3.3770108222961426
8,3299,,-3.4836692810058594
8,3304,,-3.203622341156006
8,3309,,-3.3503429889678955
8,3314,,-3.3184237480163574
8,3319,,-3.1256461143493652
8,3324,,-3.0090293884277344
8,3329,,-3.2208240032196045
8,3334,,-3.2722373008728027
8,3339,,-3.208162307739258
8,3344,,-3.2875900268554688
8,3349,,-3.153489589691162
8,3354,,-3.0837409496307373
8,3359,,-3.1918959617614746
8,3364,,-3.1394824981689453
8,3369,,-3.4190890789031982
8,3374,,-3.5754992961883545
8,3379,,-3.232081651687622
8,3384,,-3.074279546737671
8,3389,,-3.02726674079895
8,3394,,-3.2629241943359375
8,3399,,-2.6523327827453613
8,3404,,-3.260707378387451
8,3409,,-2.926806926727295
8,3414,,-2.9133942127227783
8,3419,,-3.0304324626922607
8,3424,,-3.2991435527801514
8,3429,,-3.4547247886657715
8,3434,,-3.219390392303467
8,3439,,-3.0523014068603516
8,3444,,-3.193178415298462
8,3449,,-3.3692219257354736
8,3454,,-2.9605889320373535
8,3459,,-2.8183887004852295
8,3464,,-3.364424228668213
8,3469,,-2.9789764881134033
8,3474,,-3.2936904430389404
8,3479,,-3.2907004356384277
8,3484,,-2.988352060317993
8,3489,,-3.3189849853515625
8,3494,,-3.1238396167755127
8,3499,,-3.310603380203247
8,3504,,-3.206894636154175
8,3509,,-3.1371333599090576
8,3514,,-2.930877447128296
8,3519,,-3.2008299827575684
8,3524,,-3.226388454437256
8,3529,,-3.1102824211120605
8,3534,,-3.1611855030059814
8,3539,,-3.0360569953918457
8,3544,,-2.9583539962768555
8,3549,,-3.2037863731384277
8,3554,,-3.508049726486206
8,3559,,-3.312511920928955
8,3564,,-3.0009474754333496
8,3569,,-3.6001362800598145
8,3574,,-3.419278383255005
8,3579,,-3.290494441986084
8,3584,,-3.454489231109619
8,3589,,-3.1690773963928223
8,3594,,-3.1651360988616943
8,3599,,-3.3902554512023926
8,3599,-3.1488709449768066,
9,3604,,-3.3944649696350098
9,3609,,-3.1564083099365234
9,3614,,-3.1787173748016357
9,3619,,-3.2786965370178223
9,3624,,-3.3402442932128906
9,3629,,-3.138272762298584
9,3634,,-3.2681655883789062
9,3639,,-3.0800600051879883
9,3644,,-3.37811279296875
9,3649,,-3.234893321990967
9,3654,,-3.052337169647217
9,3659,,-3.3568012714385986
9,3664,,-3.334566593170166
9,3669,,-3.337184190750122
9,3674,,-3.3622498512268066
9,3679,,-3.3184211254119873
9,3684,,-3.410959243774414
9,3689,,-3.3646836280822754
9,3694,,-3.1159653663635254
9,3699,,-3.4787240028381348
9,3704,,-3.449101686477661
9,3709,,-3.223005771636963
9,3714,,-3.6255409717559814
9,3719,,-3.1604726314544678
9,3724,,-2.8357045650482178
9,3729,,-3.4385368824005127
9,3734,,-3.354149341583252
9,3739,,-3.2298502922058105
9,3744,,-3.502030849456787
9,3749,,-3.256425380706787
9,3754,,-3.284827709197998
9,3759,,-2.686882257461548
9,3764,,-3.072427272796631
9,3769,,-3.3471031188964844
9,3774,,-3.369126558303833
9,3779,,-3.2293338775634766
9,3784,,-2.8211193084716797
9,3789,,-2.9183363914489746
9,3794,,-3.0123491287231445
9,3799,,-3.3715407848358154
9,3804,,-3.290717601776123
9,3809,,-3.217041492462158
9,3814,,-3.1008386611938477
9,3819,,-2.97989821434021
9,3824,,-3.250089645385742
9,3829,,-3.507038116455078
9,3834,,-3.139394760131836
9,3839,,-3.4337127208709717
9,3844,,-2.707813024520874
9,3849,,-3.26985502243042
9,3854,,-3.108975410461426
9,3859,,-3.2911930084228516
9,3864,,-3.204660415649414
9,3869,,-3.1961958408355713
9,3874,,-3.336909055709839
9,3879,,-3.239201068878174
9,3884,,-3.0211539268493652
9,3889,,-3.4227662086486816
9,3894,,-3.498377561569214
9,3899,,-3.157010793685913
9,3904,,-3.1637752056121826
9,3909,,-3.3153083324432373
9,3914,,-3.106995105743408
9,3919,,-3.3090827465057373
9,3924,,-3.218449115753174
9,3929,,-3.523669719696045
9,3934,,-3.277059555053711
9,3939,,-3.256333112716675
9,3944,,-3.2663936614990234
9,3949,,-3.45263934135437
9,3954,,-3.4141433238983154
9,3959,,-3.293973922729492
9,3964,,-2.9871864318847656
9,3969,,-3.234614610671997
9,3974,,-2.9339683055877686
9,3979,,-3.1908938884735107
9,3984,,-3.2862420082092285
9,3989,,-3.2119743824005127
9,3994,,-3.337876796722412
9,3999,,-3.0689432621002197
9,3999,-3.254162311553955,
10,4004,,-3.697315216064453
10,4009,,-3.309304714202881
10,4014,,-3.526013135910034
10,4019,,-3.4591171741485596
10,4024,,-3.361884355545044
10,4029,,-3.235821485519409
10,4034,,-3.3027656078338623
10,4039,,-3.1412007808685303
10,4044,,-3.323160171508789
10,4049,,-2.7087483406066895
10,4054,,-3.7554726600646973
10,4059,,-3.2136788368225098
10,4064,,-3.074004650115967
10,4069,,-3.304344892501831
10,4074,,-3.285283327102661
10,4079,,-3.1375746726989746
10,4084,,-3.3845279216766357
10,4089,,-3.336071014404297
10,4094,,-3.584144115447998
10,4099,,-3.2906386852264404
10,4104,,-3.3657989501953125
10,4109,,-3.4693877696990967
10,4114,,-3.2240302562713623
10,4119,,-3.484762668609619
10,4124,,-3.351980209350586
10,4129,,-3.322669267654419
10,4134,,-3.671597957611084
10,4139,,-3.440460681915283
10,4144,,-3.0746045112609863
10,4149,,-3.510714292526245
10,4154,,-3.2464747428894043
10,4159,,-3.441884994506836
10,4164,,-3.1274666786193848
10,4169,,-3.474942445755005
10,4174,,-3.2899422645568848
10,4179,,-2.7224597930908203
10,4184,,-3.414450168609619
10,4189,,-3.3074569702148438
10,4194,,-3.4517626762390137
10,4199,,-3.2555484771728516
10,4204,,-3.034618854522705
10,4209,,-3.4678139686584473
10,4214,,-3.2125637531280518
10,4219,,-3.301262378692627
10,4224,,-3.25486421585083
10,4229,,-3.144120693206787
10,4234,,-3.461057186126709
10,4239,,-3.4005074501037598
10,4244,,-3.2856693267822266
10,4249,,-3.487807035446167
10,4254,,-3.3560562133789062
10,4259,,-3.4305789470672607
10,4264,,-3.4877753257751465
10,4269,,-3.401200532913208
10,4274,,-3.3540046215057373
10,4279,,-2.8229496479034424
10,4284,,-3.206029176712036
10,4289,,-3.326239824295044
10,4294,,-3.2551536560058594
10,4299,,-3.1613051891326904
10,4304,,-3.0997567176818848
10,4309,,-3.368002414703369
10,4314,,-3.3222243785858154
10,4319,,-3.4410767555236816
10,4324,,-3.402202606201172
10,4329,,-3.4353129863739014
10,4334,,-3.632704257965088
10,4339,,-3.506145477294922
10,4344,,-3.5040221214294434
10,4349,,-3.631944179534912
10,4354,,-3.6265578269958496
10,4359,,-3.3917946815490723
10,4364,,-3.3884825706481934
10,4369,,-2.927635669708252
10,4374,,-3.3654332160949707
10,4379,,-3.638928174972534
10,4384,,-3.515528917312622
10,4389,,-3.4084038734436035
10,4394,,-3.502626419067383
10,4399,,-3.66145396232605
10,4399,-3.2982988357543945,
11,4404,,-3.465094804763794
11,4409,,-3.4860999584198
11,4414,,-2.9213707447052
11,4419,,-3.3251869678497314
11,4424,,-3.7095298767089844
11,4429,,-3.550823926925659
11,4434,,-3.3859615325927734
11,4439,,-3.662076473236084
11,4444,,-3.46808123588562
11,4449,,-3.3344054222106934
11,4454,,-3.4173989295959473
11,4459,,-3.5568747520446777
11,4464,,-3.633971691131592
11,4469,,-3.2851040363311768
11,4474,,-3.4048659801483154
11,4479,,-3.3833415508270264
11,4484,,-3.4698283672332764
11,4489,,-3.4501419067382812
11,4494,,-3.6031882762908936
11,4499,,-2.983220100402832
11,4504,,-3.2729854583740234
11,4509,,-3.2806038856506348
11,4514,,-3.3921217918395996
11,4519,,-2.827622890472412
11,4524,,-3.0531744956970215
11,4529,,-3.411945343017578
11,4534,,-3.579241991043091
11,4539,,-3.1839494705200195
11,4544,,-3.5262961387634277
11,4549,,-3.4193146228790283
11,4554,,-2.9384894371032715
11,4559,,-3.5982909202575684
11,4564,,-3.679722547531128
11,4569,,-3.1435627937316895
11,4574,,-3.4782111644744873
11,4579,,-3.5979042053222656
11,4584,,-3.5676822662353516
11,4589,,-3.2218165397644043
11,4594,,-3.398432970046997
11,4599,,-3.526665210723877
11,4604,,-3.259129285812378
11,4609,,-3.0383400917053223
11,4614,,-3.283963680267334
11,4619,,-3.244860887527466
11,4624,,-3.251075029373169
11,4629,,-3.421121120452881
11,4634,,-3.097646713256836
11,4639,,-3.446061611175537
11,4644,,-3.5113632678985596
11,4649,,-3.569805860519409
11,4654,,-3.2484469413757324
11,4659,,-3.644864559173584
11,4664,,-3.5417532920837402
11,4669,,-3.7534873485565186
11,4674,,-3.677950382232666
11,4679,,-3.210251569747925
11,4684,,-3.7341113090515137
11,4689,,-3.3206870555877686
11,4694,,-3.073758125305176
11,4699,,-3.4939284324645996
11,4704,,-3.2920079231262207
11,4709,,-3.3474440574645996
11,4714,,-3.3900952339172363
11,4719,,-3.211817979812622
11,4724,,-3.3027679920196533
11,4729,,-3.4926464557647705
11,4734,,-3.6075797080993652
11,4739,,-3.2236926555633545
11,4744,,-3.3844292163848877
11,4749,,-3.442774534225464
11,4754,,-3.360102891921997
11,4759,,-3.382310390472412
11,4764,,-3.410254716873169
11,4769,,-3.5514302253723145
11,4774,,-3.5828258991241455
11,4779,,-3.453387498855591
11,4784,,-3.0617332458496094
11,4789,,-3.237028121948242
11,4794,,-3.7178306579589844
11,4799,,-3.5082340240478516
11,4799,-3.3701775074005127,
12,4804,,-3.3687198162078857
12,4809,,-3.4648234844207764
12,4814,,-3.5469017028808594
12,4819,,-3.345769166946411
12,4824,,-3.1078481674194336
12,4829,,-3.272719621658325
12,4834,,-3.3264827728271484
12,4839,,-3.4217944145202637
12,4844,,-3.4511494636535645
12,4849,,-3.6015262603759766
12,4854,,-3.6211094856262207
12,4859,,-3.4842941761016846
12,4864,,-2.8690907955169678
12,4869,,-3.630786180496216
12,4874,,-3.3301894664764404
12,4879,,-3.4011173248291016
12,4884,,-3.397662401199341
12,4889,,-3.3717761039733887
12,4894,,-3.5549964904785156
12,4899,,-3.5774245262145996
12,4904,,-3.1672003269195557
12,4909,,-3.6351852416992188
12,4914,,-3.175153970718384
12,4919,,-3.326929807662964
12,4924,,-3.640376329421997
12,4929,,-3.3992760181427
12,4934,,-3.3904242515563965
12,4939,,-3.5514705181121826
12,4944,,-2.9766147136688232
12,4949,,-3.4374115467071533
12,4954,,-3.3141322135925293
12,4959,,-3.3299660682678223
12,4964,,-3.68363881111145
12,4969,,-3.347370147705078
12,4974,,-3.4383139610290527
12,4979,,-2.9371907711029053
12,4984,,-3.342438220977783
12,4989,,-3.3095619678497314
12,4994,,-3.4374401569366455
12,4999,,-3.2913146018981934
12,5004,,-3.44646954536438
12,5009,,-3.374798536300659
12,5014,,-3.2607409954071045
12,5019,,-3.5104737281799316
12,5024,,-3.528038501739502
12,5029,,-3.2735092639923096
12,5034,,-3.3930296897888184
12,5039,,-3.099071741104126
12,5044,,-3.101834774017334
12,5049,,-3.5702362060546875
12,5054,,-3.5998878479003906
12,5059,,-3.408472776412964
12,5064,,-3.1604955196380615
12,5069,,-2.8432979583740234
12,5074,,-3.127655029296875
12,5079,,-3.0522499084472656
12,5084,,-3.2909634113311768
12,5089,,-3.4683547019958496
12,5094,,-3.1319985389709473
12,5099,,-3.5933678150177
12,5104,,-3.1996312141418457
12,5109,,-3.222195863723755
12,5114,,-3.5260987281799316
12,5119,,-3.3679840564727783
12,5124,,-3.477442979812622
12,5129,,-3.346282958984375
12,5134,,-3.4180397987365723
12,5139,,-3.6571528911590576
12,5144,,-2.92899751663208
12,5149,,-3.6225600242614746
12,5154,,-3.4956984519958496
12,5159,,-3.349970579147339
12,5164,,-3.330101490020752
12,5169,,-3.5093111991882324
12,5174,,-3.453388214111328
12,5179,,-3.431914806365967
12,5184,,-3.5335261821746826
12,5189,,-3.5826416015625
12,5194,,-3.38118052482605
12,5199,,-3.5180230140686035
12,5199,-3.3691177368164062,
13,5204,,-3.3769798278808594
13,5209,,-3.370600461959839
13,5214,,-3.014072895050049
13,5219,,-3.0433499813079834
13,5224,,-3.6407058238983154
13,5229,,-3.2136051654815674
13,5234,,-3.2165310382843018
13,5239,,-3.449091672897339
13,5244,,-3.5543503761291504
13,5249,,-3.3309683799743652
13,5254,,-3.4675185680389404
13,5259,,-3.6833128929138184
13,5264,,-3.4669570922851562
13,5269,,-3.6011672019958496
13,5274,,-3.2484030723571777
13,5279,,-3.6493477821350098
13,5284,,-3.718538761138916
13,5289,,-3.2107155323028564
13,5294,,-3.534620761871338
13,5299,,-3.322563886642456
13,5304,,-3.471804141998291
13,5309,,-3.384331226348877
13,5314,,-3.424198627471924
13,5319,,-3.6341769695281982
13,5324,,-3.4454970359802246
13,5329,,-3.6287193298339844
13,5334,,-3.5445282459259033
13,5339,,-3.5209503173828125
13,5344,,-3.386143445968628
13,5349,,-3.2529208660125732
13,5354,,-3.6734378337860107
13,5359,,-3.168649673461914
13,5364,,-3.1669774055480957
13,5369,,-3.1064975261688232
13,5374,,-3.4850540161132812
13,5379,,-3.59672474861145
13,5384,,-3.478433132171631
13,5389,,-3.5800647735595703
13,5394,,-3.286771774291992
13,5399,,-3.448134660720825
13,5404,,-3.6490325927734375
13,5409,,-3.644301176071167
13,5414,,-3.3896872997283936
13,5419,,-3.2989501953125
13,5424,,-3.036026954650879
13,5429,,-3.605257749557495
13,5434,,-3.7827179431915283
13,5439,,-3.275634288787842
13,5444,,-3.3467800617218018
13,5449,,-3.7409465312957764
13,5454,,-3.5802700519561768
13,5459,,-3.5964996814727783
13,5464,,-3.666477680206299
13,5469,,-3.8292758464813232
13,5474,,-3.5581116676330566
13,5479,,-3.2205841541290283
13,5484,,-3.5296077728271484
13,5489,,-3.3493900299072266
13,5494,,-3.259733200073242
13,5499,,-3.5849547386169434
13,5504,,-3.8084492683410645
13,5509,,-3.4647228717803955
13,5514,,-3.2867705821990967
13,5519,,-3.462740421295166
13,5524,,-3.1756937503814697
13,5529,,-3.6126303672790527
13,5534,,-3.217681884765625
13,5539,,-3.4601027965545654
13,5544,,-3.771461009979248
13,5549,,-3.4755940437316895
13,5554,,-3.3933181762695312
13,5559,,-3.5611255168914795
13,5564,,-3.429731845855713
13,5569,,-3.5778679847717285
13,5574,,-3.458348035812378
13,5579,,-3.5730037689208984
13,5584,,-3.5008749961853027
13,5589,,-3.7124533653259277
13,5594,,-3.7473201751708984
13,5599,,-3.385697603225708
13,5599,-3.449159622192383,
14,5604,,-3.5159454345703125
14,5609,,-3.4943275451660156
14,5614,,-3.74780011177063
14,5619,,-3.7224299907684326
14,5624,,-3.6221671104431152
14,5629,,-3.39079213142395
14,5634,,-3.5453038215637207
14,5639,,-3.5241408348083496
14,5644,,-3.4679980278015137
14,5649,,-3.5274977684020996
14,5654,,-3.2516045570373535
14,5659,,-3.671800136566162
14,5664,,-3.590632677078247
14,5669,,-3.5018997192382812
14,5674,,-3.4374752044677734
14,5679,,-3.540365695953369
14,5684,,-3.7937285900115967
14,5689,,-3.283684492111206
14,5694,,-3.5066230297088623
14,5699,,-3.5018792152404785
14,5704,,-3.520723342895508
14,5709,,-3.0949206352233887
14,5714,,-2.9113688468933105
14,5719,,-3.4965453147888184
14,5724,,-2.9392037391662598
14,5729,,-3.5217361450195312
14,5734,,-3.2975990772247314
14,5739,,-3.4830431938171387
14,5744,,-3.3039467334747314
14,5749,,-3.192636251449585
14,5754,,-3.5381617546081543
14,5759,,-3.305976390838623
14,5764,,-3.5158162117004395
14,5769,,-3.4662983417510986
14,5774,,-3.5205626487731934
14,5779,,-3.372175693511963
14,5784,,-3.2041447162628174
14,5789,,-3.300309658050537
14,5794,,-3.5390899181365967
14,5799,,-3.5839831829071045
14,5804,,-3.5607597827911377
14,5809,,-3.2173690795898438
14,5814,,-3.1310019493103027
14,5819,,-3.7225329875946045
14,5824,,-3.6528422832489014
14,5829,,-3.4111740589141846
14,5834,,-3.4615836143493652
14,5839,,-3.2437267303466797
14,5844,,-3.365025043487549
14,5849,,-3.405104398727417
14,5854,,-3.755884885787964
14,5859,,-3.3056228160858154
14,5864,,-3.3434505462646484
14,5869,,-3.561974048614502
14,5874,,-3.819974899291992
14,5879,,-3.5992259979248047
14,5884,,-3.7782211303710938
14,5889,,-3.545689821243286
14,5894,,-3.658130168914795
14,5899,,-3.2104458808898926
14,5904,,-3.4267940521240234
14,5909,,-3.458672046661377
14,5914,,-3.4584388732910156
14,5919,,-3.4398162364959717
14,5924,,-3.6748313903808594
14,5929,,-3.424182891845703
14,5934,,-3.420478105545044
14,5939,,-3.8816628456115723
14,5944,,-3.5333971977233887
14,5949,,-3.3235881328582764
14,5954,,-3.541759967803955
14,5959,,-3.184051036834717
14,5964,,-3.2982356548309326
14,5969,,-3.689107894897461
14,5974,,-3.584559679031372
14,5979,,-3.7260124683380127
14,5984,,-3.3799545764923096
14,5989,,-3.643051862716675
14,5994,,-3.4574363231658936
14,5999,,-3.2463364601135254
14,5999,-3.481484889984131,
15,6004,,-3.721132278442383
15,6009,,-3.594463348388672
15,6014,,-3.1724047660827637
15,6019,,-3.5212955474853516
15,6024,,-3.32879376411438
15,6029,,-3.651914596557617
15,6034,,-3.566627025604248
15,6039,,-3.3835837841033936
15,6044,,-3.648035764694214
15,6049,,-3.5777392387390137
15,6054,,-3.7188010215759277
15,6059,,-3.6218745708465576
15,6064,,-3.5966248512268066
15,6069,,-3.7431106567382812
15,6074,,-3.707719087600708
15,6079,,-3.6926376819610596
15,6084,,-3.5651698112487793
15,6089,,-3.451821804046631
15,6094,,-3.667616605758667
15,6099,,-3.4995155334472656
15,6104,,-3.427180528640747
15,6109,,-3.3568272590637207
15,6114,,-3.518014430999756
15,6119,,-3.445009231567383
15,6124,,-3.435044050216675
15,6129,,-3.591372013092041
15,6134,,-3.5962975025177
15,6139,,-3.5361411571502686
15,6144,,-3.6052443981170654
15,6149,,-3.573650360107422
15,6154,,-3.364600658416748
15,6159,,-3.6683361530303955
15,6164,,-3.465305805206299
15,6169,,-3.341266632080078
15,6174,,-3.710235118865967
15,6179,,-3.587191104888916
15,6184,,-3.6592278480529785
15,6189,,-3.5026192665100098
15,6194,,-3.5982842445373535
15,6199,,-3.4569358825683594
15,6204,,-3.4883716106414795
15,6209,,-3.748152256011963
15,6214,,-3.2728447914123535
15,6219,,-3.6728568077087402
15,6224,,-3.6747169494628906
15,6229,,-3.8274216651916504
15,6234,,-3.5957252979278564
15,6239,,-3.436739444732666
15,6244,,-3.4136853218078613
15,6249,,-3.4525322914123535
15,6254,,-3.611936092376709
15,6259,,-3.3987152576446533
15,6264,,-3.6102981567382812
15,6269,,-3.530799150466919
15,6274,,-3.8139891624450684
15,6279,,-3.86274790763855
15,6284,,-3.7303905487060547
15,6289,,-3.381767749786377
15,6294,,-3.721731185913086
15,6299,,-3.5959250926971436
15,6304,,-3.7755255699157715
15,6309,,-3.6244850158691406
15,6314,,-3.389589309692383
15,6319,,-3.7954812049865723
15,6324,,-3.611356019973755
15,6329,,-3.5869622230529785
15,6334,,-3.752525806427002
15,6339,,-3.5320231914520264
15,6344,,-3.0368385314941406
15,6349,,-3.6891353130340576
15,6354,,-3.3342108726501465
15,6359,,-3.6889216899871826
15,6364,,-3.4546234607696533
15,6369,,-3.5702462196350098
15,6374,,-3.7141456604003906
15,6379,,-3.6292736530303955
15,6384,,-3.4325308799743652
15,6389,,-3.443927764892578
15,6394,,-3.3897788524627686
15,6399,,-3.6847853660583496
15,6399,-3.5330049991607666,
16,6404,,-3.6464011669158936
16,6409,,-3.843076229095459
16,6414,,-3.259455919265747
16,6419,,-3.497101306915283
16,6424,,-3.736233949661255
16,6429,,-3.6475186347961426
16,6434,,-3.6075828075408936
16,6439,,-3.4184155464172363
16,6444,,-3.4111390113830566
16,6449,,-3.5338332653045654
16,6454,,-3.5158817768096924
16,6459,,-3.663740634918213
16,6464,,-3.4620299339294434
16,6469,,-3.7419185638427734
16,6474,,-3.6642558574676514
16,6479,,-3.704122543334961
16,6484,,-3.57391357421875
16,6489,,-3.676539659500122
16,6494,,-3.5395455360412598
16,6499,,-3.6291019916534424
16,6504,,-3.4296016693115234
16,6509,,-3.5189316272735596
16,6514,,-3.8716254234313965
16,6519,,-3.392551898956299
16,6524,,-3.84028959274292
16,6529,,-3.5292840003967285
16,6534,,-3.4701297283172607
16,6539,,-3.6955668926239014
16,6544,,-3.6662659645080566
16,6549,,-3.5866236686706543
16,6554,,-3.5444369316101074
16,6559,,-3.5155692100524902
16,6564,,-3.638411283493042
16,6569,,-3.6546504497528076
16,6574,,-3.2900333404541016
16,6579,,-3.5421786308288574
16,6584,,-3.5049996376037598
16,6589,,-3.133310317993164
16,6594,,-3.337773561477661
16,6599,,-3.281139850616455
16,6604,,-3.537238359451294
16,6609,,-3.6195709705352783
16,6614,,-3.468008041381836
16,6619,,-3.663501262664795
16,6624,,-3.7562060356140137
16,6629,,-3.7093818187713623
16,6634,,-3.541447162628174
16,6639,,-3.325319290161133
16,6644,,-3.745389223098755
16,6649,,-3.4789974689483643
16,6654,,-3.7330546379089355
16,6659,,-3.9113571643829346
16,6664,,-3.732076644897461
16,6669,,-3.4811203479766846
16,6674,,-3.332716703414917
16,6679,,-3.471789598464966
16,6684,,-3.5744476318359375
16,6689,,-3.6742942333221436
16,6694,,-3.3912227153778076
16,6699,,-3.658032178878784
16,6704,,-3.7441108226776123
16,6709,,-3.363399028778076
16,6714,,-3.2979798316955566
16,6719,,-3.70184588432312
16,6724,,-3.7226486206054688
16,6729,,-3.5537688732147217
16,6734,,-3.6828601360321045
16,6739,,-3.681048631668091
16,6744,,-3.486659526824951
16,6749,,-3.6884944438934326
16,6754,,-3.705784320831299
16,6759,,-3.923628568649292
16,6764,,-3.4910271167755127
16,6769,,-3.4309163093566895
16,6774,,-3.5206897258758545
16,6779,,-3.3741233348846436
16,6784,,-3.240499973297119
16,6789,,-3.4648003578186035
16,6794,,-3.7071030139923096
16,6799,,-3.6024601459503174
16,6799,-3.5522708892822266,
17,6804,,-3.4178481101989746
17,6809,,-3.3220067024230957
17,6814,,-3.7218546867370605
17,6819,,-3.4147605895996094
17,6824,,-3.476541519165039
17,6829,,-3.5349228382110596
17,6834,,-3.7524921894073486
17,6839,,-3.613297939300537
17,6844,,-3.592369556427002
17,6849,,-3.4560954570770264
17,6854,,-3.566649913787842
17,6859,,-3.438554286956787
17,6864,,-3.5687642097473145
17,6869,,-3.54990816116333
17,6874,,-3.6063590049743652
17,6879,,-3.440991163253784
17,6884,,-3.6859869956970215
17,6889,,-3.7250945568084717
17,6894,,-3.548769474029541
17,6899,,-3.56262469291687
17,6904,,-3.7661080360412598
17,6909,,-3.5680365562438965
17,6914,,-3.560448169708252
17,6919,,-3.67553448677063
17,6924,,-3.8051135540008545
17,6929,,-3.5957419872283936
17,6934,,-3.5454273223876953
17,6939,,-3.5964317321777344
17,6944,,-3.7308335304260254
17,6949,,-3.411177158355713
17,6954,,-3.627915620803833
17,6959,,-3.9073517322540283
17,6964,,-3.6345832347869873
17,6969,,-3.359882354736328
17,6974,,-3.7904701232910156
17,6979,,-3.7845282554626465
17,6984,,-3.746089458465576
17,6989,,-3.6123440265655518
17,6994,,-3.6110763549804688
17,6999,,-3.6750576496124268
17,7004,,-3.5941128730773926
17,7009,,-3.713104724884033
17,7014,,-3.7007415294647217
17,7019,,-3.686986207962036
17,7024,,-3.285465955734253
17,7029,,-3.709979295730591
17,7034,,-3.3873367309570312
17,7039,,-3.687406539916992
17,7044,,-3.4528465270996094
17,7049,,-3.2668659687042236
17,7054,,-3.5420379638671875
17,7059,,-3.6535651683807373
17,7064,,-3.671473741531372
17,7069,,-3.728825092315674
17,7074,,-3.599597215652466
17,7079,,-3.652937412261963
17,7084,,-3.9038422107696533
17,7089,,-3.2814738750457764
17,7094,,-3.589914321899414
17,7099,,-3.1756632328033447
17,7104,,-3.6726887226104736
17,7109,,-3.721841812133789
17,7114,,-3.4757466316223145
17,7119,,-3.6647963523864746
17,7124,,-3.8808064460754395
17,7129,,-3.554518938064575
17,7134,,-3.666804075241089
17,7139,,-3.602444887161255
17,7144,,-3.52935791015625
17,7149,,-3.6762611865997314
17,7154,,-3.634960889816284
17,7159,,-3.261627674102783
17,7164,,-3.5849761962890625
17,7169,,-3.3528683185577393
17,7174,,-3.8168063163757324
17,7179,,-3.8008055686950684
17,7184,,-3.084878921508789
17,7189,,-3.7165348529815674
17,7194,,-3.3142783641815186
17,7199,,-3.7448086738586426
17,7199,-3.5834078788757324,
18,7204,,-3.6689846515655518
18,7209,,-3.725515842437744
18,7214,,-3.7172183990478516
18,7219,,-3.6662700176239014
18,7224,,-3.635840892791748
18,7229,,-3.359759569168091
18,7234,,-3.4669528007507324
18,7239,,-3.5128676891326904
18,7244,,-3.6942169666290283
18,7249,,-3.5067436695098877
18,7254,,-3.7393441200256348
18,7259,,-3.4183757305145264
18,7264,,-3.47105073928833
18,7269,,-3.7820568084716797
18,7274,,-3.5966649055480957
18,7279,,-3.8004379272460938
18,7284,,-3.4726200103759766
18,7289,,-3.529585599899292
18,7294,,-3.5046513080596924
18,7299,,-3.60943865776062
18,7304,,-3.432596206665039
18,7309,,-3.6004905700683594
18,7314,,-3.5782675743103027
18,7319,,-3.586900234222412
18,7324,,-3.6594443321228027
18,7329,,-3.5205459594726562
18,7334,,-3.4238250255584717
18,7339,,-3.6671347618103027
18,7344,,-3.5775859355926514
18,7349,,-3.3928444385528564
18,7354,,-3.7477409839630127
18,7359,,-3.5150344371795654
18,7364,,-3.6836040019989014
18,7369,,-3.4984078407287598
18,7374,,-3.768721103668213
18,7379,,-3.7355194091796875
18,7384,,-3.588787794113159
18,7389,,-3.629133939743042
18,7394,,-3.6721081733703613
18,7399,,-3.6305344104766846
18,7404,,-3.3268558979034424
18,7409,,-3.4314417839050293
18,7414,,-3.651895046234131
18,7419,,-3.700249195098877
18,7424,,-3.5658230781555176
18,7429,,-3.6684985160827637
18,7434,,-3.7252602577209473
18,7439,,-3.5356674194335938
18,7444,,-3.6974003314971924
18,7449,,-3.6177825927734375
18,7454,,-3.664473295211792
18,7459,,-3.155792713165283
18,7464,,-3.732952117919922
18,7469,,-3.7943267822265625
18,7474,,-3.4496052265167236
18,7479,,-3.616823673248291
18,7484,,-3.622145414352417
18,7489,,-3.4317173957824707
18,7494,,-3.4780166149139404
18,7499,,-3.545757293701172
18,7504,,-3.630652904510498
18,7509,,-3.8378167152404785
18,7514,,-3.7944133281707764
18,7519,,-3.4783434867858887
18,7524,,-3.4562697410583496
18,7529,,-3.4495506286621094
18,7534,,-3.4130585193634033
18,7539,,-3.5448131561279297
18,7544,,-3.665053606033325
18,7549,,-3.728292465209961
18,7554,,-3.6535117626190186
18,7559,,-3.717421293258667
18,7564,,-3.704712390899658
18,7569,,-3.5716729164123535
18,7574,,-3.6130709648132324
18,7579,,-3.8038692474365234
18,7584,,-3.553044080734253
18,7589,,-3.501453399658203
18,7594,,-3.6111996173858643
18,7599,,-2.985224485397339
18,7599,-3.608570098876953,
19,7604,,-3.4530060291290283
19,7609,,-3.6113953590393066
19,7614,,-3.354663133621216
19,7619,,-3.5188117027282715
19,7624,,-3.8321456909179688
19,7629,,-3.5043911933898926
19,7634,,-3.7662301063537598
19,7639,,-3.575843095779419
19,7644,,-3.669952392578125
19,7649,,-3.4008426666259766
19,7654,,-3.6150200366973877
19,7659,,-3.69842791557312
19,7664,,-3.702584743499756
19,7669,,-3.839768648147583
19,7674,,-3.5336337089538574
19,7679,,-3.8476929664611816
19,7684,,-3.752880573272705
19,7689,,-3.821871280670166
19,7694,,-3.507355213165283
19,7699,,-3.904087543487549
19,7704,,-3.224919080734253
19,7709,,-3.796679973602295
19,7714,,-3.7435901165008545
19,7719,,-3.504946231842041
19,7724,,-3.594266176223755
19,7729,,-3.1179847717285156
19,7734,,-3.666358232498169
19,7739,,-3.299938917160034
19,7744,,-3.6073501110076904
19,7749,,-3.0800671577453613
19,7754,,-3.54182767868042
19,7759,,-3.5480475425720215
19,7764,,-3.699561357498169
19,7769,,-3.5493927001953125
19,7774,,-3.860649824142456
19,7779,,-3.640413761138916
19,7784,,-3.408311367034912
19,7789,,-3.6119141578674316
19,7794,,-3.628500461578369
19,7799,,-3.517665147781372
19,7804,,-3.331789016723633
19,7809,,-3.4268898963928223
19,7814,,-3.597895860671997
19,7819,,-3.6646881103515625
19,7824,,-3.7645461559295654
19,7829,,-3.5463671684265137
19,7834,,-3.463209867477417
19,7839,,-3.6020889282226562
19,7844,,-3.6241767406463623
19,7849,,-3.5186429023742676
19,7854,,-3.521338701248169
19,7859,,-3.339918851852417
19,7864,,-3.4024155139923096
19,7869,,-3.619961977005005
19,7874,,-3.5695457458496094
19,7879,,-3.374248504638672
19,7884,,-3.7290947437286377
19,7889,,-3.582737445831299
19,7894,,-3.78670072555542
19,7899,,-3.7708771228790283
19,7904,,-3.594853162765503
19,7909,,-3.431687116622925
19,7914,,-3.724862575531006
19,7919,,-3.566953182220459
19,7924,,-3.6315536499023438
19,7929,,-3.5241458415985107
19,7934,,-3.730398654937744
19,7939,,-3.594874143600464
19,7944,,-3.7437236309051514
19,7949,,-3.731961488723755
19,7954,,-3.481384754180908
19,7959,,-3.7567081451416016
19,7964,,-3.4916934967041016
19,7969,,-3.4614930152893066
19,7974,,-3.811936855316162
19,7979,,-3.8062424659729004
19,7984,,-3.8192386627197266
19,7989,,-3.876361846923828
19,7994,,-3.7606022357940674
19,7999,,-3.484708786010742
19,7999,-3.621992349624634,
